slug,ine,ine_idescat,municipality,comarca
abella-conca,25001,250019,Abella de la Conca,Pallars Jussà
ager,25002,250024,Àger,Noguera
agramunt,25003,250030,Agramunt,Urgell
agullana,17001,170010,Agullana,Alt Empordà
aiguamurcia,43001,430017,Aiguamúrcia,Alt Camp
aiguaviva,17002,170025,Aiguaviva,Gironès
aitona,25038,250387,Aitona,Segrià
alamus,25004,250045,"Alamús, els",Segrià
alas-i-cerc,25005,250058,Alàs i Cerc,Alt Urgell
albages,25006,250061,"Albagés, l'",Garrigues
albanya,17003,170031,Albanyà,Alt Empordà
albatarrec,25007,250077,Albatàrrec,Segrià
albesa,25008,250083,Albesa,Noguera
albi,25009,250096,"Albi, l'",Garrigues
albinyana,43002,430022,Albinyana,Baix Penedès
albiol,43003,430038,"Albiol, l'",Baix Camp
albons,17004,170046,Albons,Baix Empordà
alcanar,43004,430043,Alcanar,Montsià
alcano,25010,250100,Alcanó,Segrià
alcarras,25011,250117,Alcarràs,Segrià
alcoletge,25012,250122,Alcoletge,Segrià
alcover,43005,430056,Alcover,Alt Camp
aldea,43904,439044,"Aldea, l'",Baix Ebre
aldover,43006,430069,Aldover,Baix Ebre
aleixar,43007,430075,"Aleixar, l'",Baix Camp
alfara-carles,43008,430081,Alfara de Carles,Baix Ebre
alfarras,25013,250138,Alfarràs,Segrià
alfes,25014,250143,Alfés,Segrià
alforja,43009,430094,Alforja,Baix Camp
algerri,25015,250156,Algerri,Noguera
alguaire,25016,250169,Alguaire,Segrià
alins,25017,250175,Alins,Pallars Sobirà
alio,43010,430108,Alió,Alt Camp
almacelles,25019,250194,Almacelles,Segrià
almatret,25020,250208,Almatret,Segrià
almenar,25021,250215,Almenar,Segrià
almoster,43011,430115,Almoster,Baix Camp
alos-balaguer,25022,250220,Alòs de Balaguer,Noguera
alp,17006,170062,Alp,Cerdanya
alpicat,25023,250236,Alpicat,Segrià
alt-aneu,25024,250241,Alt Àneu,Pallars Sobirà
altafulla,43012,430120,Altafulla,Tarragonès
amer,17007,170078,Amer,Selva
ametlla-mar,43013,430136,"Ametlla de Mar, l'",Baix Ebre
ampolla,43906,439060,"Ampolla, l'",Baix Ebre
amposta,43014,430141,Amposta,Montsià
angles,17008,170084,Anglès,Selva
anglesola,25027,250273,Anglesola,Urgell
arbeca,25029,250292,Arbeca,Garrigues
arboc,43016,430167,"Arboç, l'",Baix Penedès
arboli,43015,430154,Arbolí,Baix Camp
arbucies,17009,170097,Arbúcies,Selva
argelaguer,17010,170101,Argelaguer,Garrotxa
argentera,43017,430173,"Argentera, l'",Baix Camp
armentera,17011,170118,"Armentera, l'",Alt Empordà
arnes,43018,430189,Arnes,Terra Alta
arres,25031,250313,Arres,Aran
arseguel,25032,250328,Arsèguel,Alt Urgell
artesa-lleida,25033,250334,Artesa de Lleida,Segrià
artesa-segre,25034,250349,Artesa de Segre,Noguera
asco,43019,430192,Ascó,Ribera d'Ebre
aspa,25036,250365,Aspa,Segrià
avellanes-i-santa-linya,25037,250371,"Avellanes i Santa Linya, les",Noguera
avinyonet-puigventos,17012,170123,Avinyonet de Puigventós,Alt Empordà
badalona,08015,080155,Badalona,Barcelonès
badia-valles,08904,089045,Badia del Vallès,Vallès Occidental
baix-pallars,25039,250390,Baix Pallars,Pallars Sobirà
balaguer,25040,250404,Balaguer,Noguera
banyeres-penedes,43020,430206,Banyeres del Penedès,Baix Penedès
banyoles,17015,170157,Banyoles,Pla de l'Estany
barbens,25041,250411,Barbens,Pla d'Urgell
barbera-conca,43021,430213,Barberà de la Conca,Conca de Barberà
barbera-valles,08252,082520,Barberà del Vallès,Vallès Occidental
barcelona-ciutat-vella,08019,080193,Barcelona,Barcelonès
barcelona-corts,08019,080193,Barcelona,Barcelonès
barcelona-eixample,08019,080193,Barcelona,Barcelonès
barcelona-gracia,08019,080193,Barcelona,Barcelonès
barcelona-horta-guinardo,08019,080193,Barcelona,Barcelonès
barcelona-nou-barris,08019,080193,Barcelona,Barcelonès
barcelona-sant-andreu,08019,080193,Barcelona,Barcelonès
barcelona-sant-marti,08019,080193,Barcelona,Barcelonès
barcelona-sants-montjuic,08019,080193,Barcelona,Barcelonès
barcelona-sarria-sant-gervasi,08019,080193,Barcelona,Barcelonès
baronia-rialb,25042,250426,"Baronia de Rialb, la",Noguera
bascara,17016,170160,Bàscara,Alt Empordà
bassella,25044,250447,Bassella,Alt Urgell
batea,43022,430228,Batea,Terra Alta
bausen,25045,250450,Bausen,Aran
begues,08020,080207,Begues,Baix Llobregat
begur,17013,170139,Begur,Baix Empordà
belianes,25046,250463,Belianes,Urgell
bell-lloc-urgell,25048,250485,Bell-lloc d'Urgell,Pla d'Urgell
bellaguarda,25170,251706,Bellaguarda,Garrigues
bellcaire-emporda,17018,170182,Bellcaire d'Empordà,Baix Empordà
bellcaire-urgell,25047,250479,Bellcaire d'Urgell,Noguera
bellmunt-priorat,43023,430234,Bellmunt del Priorat,Priorat
bellmunt-urgell,25049,250498,Bellmunt d'Urgell,Noguera
bellpuig,25050,250501,Bellpuig,Urgell
bellvei,43024,430249,Bellvei,Baix Penedès
bellver-cerdanya,25051,250518,Bellver de Cerdanya,Cerdanya
bellvis,25052,250523,Bellvís,Pla d'Urgell
benavent-segria,25053,250539,Benavent de Segrià,Segrià
benifallet,43025,430252,Benifallet,Baix Ebre
benissanet,43026,430265,Benissanet,Ribera d'Ebre
besalu,17019,170195,Besalú,Garrotxa
bescano,17020,170209,Bescanó,Gironès
beuda,17021,170216,Beuda,Garrotxa
biosca,25055,250557,Biosca,Solsonès
bisbal-emporda,17022,170221,"Bisbal d'Empordà, la",Baix Empordà
bisbal-falset,43027,430271,"Bisbal de Montsant, la",Priorat
bisbal-penedes,43028,430287,"Bisbal del Penedès, la",Baix Penedès
biure,17234,172348,Biure,Alt Empordà
blancafort,43029,430290,Blancafort,Conca de Barberà
blanes,17023,170237,Blanes,Selva
boadella-i-escaules,17029,170293,Boadella i les Escaules,Alt Empordà
bolvir,17024,170242,Bolvir,Cerdanya
bonastre,43030,430304,Bonastre,Baix Penedès
bordils,17025,170255,Bordils,Gironès
borges-blanques,25058,250582,"Borges Blanques, les",Garrigues
borges-camp,43031,430311,"Borges del Camp, les",Baix Camp
borrassa,17026,170268,Borrassà,Alt Empordà
bossost,25059,250595,Bossòst,Aran
bot,43032,430326,Bot,Terra Alta
botarell,43033,430332,Botarell,Baix Camp
bovera,25056,250560,Bovera,Garrigues
brafim,43034,430347,Bràfim,Alt Camp
breda,17027,170274,Breda,Selva
brunyola-i-sant-marti-sapresa,17028,170280,Brunyola i Sant Martí Sapresa,Selva
cabaces,43035,430350,Cabacés,Priorat
cabanabona,25060,250609,Cabanabona,Noguera
cabanelles,17031,170314,Cabanelles,Alt Empordà
cabanes,17030,170307,Cabanes,Alt Empordà
cabo,25061,250616,Cabó,Alt Urgell
cabra-camp,43036,430363,Cabra del Camp,Alt Camp
cadaques,17032,170329,Cadaqués,Alt Empordà
calafell,43037,430379,Calafell,Baix Penedès
caldes-malavella,17033,170335,Caldes de Malavella,Selva
calonge-i-sant-antoni,17034,170340,Calonge i Sant Antoni,Baix Empordà
camarasa,25062,250621,Camarasa,Noguera
camarles,43903,439039,Camarles,Baix Ebre
cambrils,43038,430385,Cambrils,Baix Camp
camos,17035,170353,Camós,Pla de l'Estany
campdevanol,17036,170366,Campdevànol,Ripollès
campelles,17037,170372,Campelles,Ripollès
campllong,17038,170388,Campllong,Gironès
camprodon,17039,170391,Camprodon,Ripollès
canejan,25063,250637,Canejan,Aran
canet-adri,17040,170405,Canet d'Adri,Gironès
canonja,43907,439076,"Canonja, la",Tarragonès
cantallops,17041,170412,Cantallops,Alt Empordà
capafonts,43039,430398,Capafonts,Baix Camp
capcanes,43040,430402,Capçanes,Priorat
capmany,17042,170427,Capmany,Alt Empordà
caseres,43041,430419,Caseres,Terra Alta
cassa-selva,17044,170448,Cassà de la Selva,Gironès
castell-mur,25904,259046,Castell de Mur,Pallars Jussà
castell-platja-aro,17048,170486,"Castell d'Aro, Platja d'Aro i s'Agaró",Baix Empordà
castellar-ribera,25064,250642,Castellar de la Ribera,Solsonès
castellbisbal,08054,080543,Castellbisbal,Vallès Occidental
castelldans,25067,250674,Castelldans,Garrigues
castelldefels,08056,080569,Castelldefels,Baix Llobregat
castellfollit-roca,17046,170464,Castellfollit de la Roca,Garrotxa
castellnou-seana,25068,250680,Castellnou de Seana,Pla d'Urgell
castello-empuries,17047,170470,Castelló d'Empúries,Alt Empordà
castello-farfanya,25069,250693,Castelló de Farfanya,Noguera
castellsera,25070,250707,Castellserà,Urgell
castellvell-camp,43042,430424,Castellvell del Camp,Baix Camp
catllar,43043,430430,"Catllar, el",Tarragonès
cava,25071,250714,Cava,Alt Urgell
cellera-ter,17189,171899,"Cellera de Ter, la",Selva
celra,17049,170499,Celrà,Gironès
cerdanyola-valles,08266,082665,Cerdanyola del Vallès,Vallès Occidental
cervello,08068,080689,Cervelló,Baix Llobregat
cervera,25072,250729,Cervera,Segarra
cervia-garrigues,25073,250735,Cervià de les Garrigues,Garrigues
cervia-ter,17050,170502,Cervià de Ter,Gironès
cistella,17051,170519,Cistella,Alt Empordà
ciutadilla,25074,250740,Ciutadilla,Urgell
clariana-cardener,25075,250753,Clariana de Cardener,Solsonès
cogul,25076,250766,"Cogul, el",Garrigues
colera,17054,170545,Colera,Alt Empordà
coll-nargo,25077,250772,Coll de Nargó,Alt Urgell
colldejou,43045,430458,Colldejou,Baix Camp
colomers,17055,170558,Colomers,Baix Empordà
coma-i-pedra,25163,251636,"Coma i la Pedra, la",Solsonès
conca-dalt,25161,251615,Conca de Dalt,Pallars Jussà
conesa,43046,430461,Conesa,Conca de Barberà
constanti,43047,430477,Constantí,Tarragonès
corbera-ebre,43048,430483,Corbera d'Ebre,Terra Alta
corbera-llobregat,08072,080728,Corbera de Llobregat,Baix Llobregat
corbins,25078,250788,Corbins,Segrià
corca,17057,170577,Corçà,Baix Empordà
cornella-llobregat,08073,080734,Cornellà de Llobregat,Baix Llobregat
cornella-terri,17056,170561,Cornellà del Terri,Pla de l'Estany
cornudella-montsant,43049,430496,Cornudella de Montsant,Priorat
creixell,43050,430509,Creixell,Tarragonès
crespia,17058,170583,Crespià,Pla de l'Estany
cruilles-monells-i-sant-sadurni-heura,17901,179011,"Cruïlles, Monells i Sant Sadurní de l'Heura",Baix Empordà
cubells,25079,250791,Cubells,Noguera
cunit,43051,430516,Cunit,Baix Penedès
darnius,17060,170600,Darnius,Alt Empordà
das,17061,170617,Das,Cerdanya
deltebre,43901,439018,Deltebre,Baix Ebre
duesaigues,43053,430537,Duesaigües,Baix Camp
es-bordes,25057,250576,"Bòrdes, Es",Aran
escala,17062,170622,"Escala, l'",Alt Empordà
espinelves,17063,170638,Espinelves,Osona
espluga-calba,25081,250812,"Espluga Calba, l'",Garrigues
espluga-francoli,43054,430542,"Espluga de Francolí, l'",Conca de Barberà
esplugues-llobregat,08077,080771,Esplugues de Llobregat,Baix Llobregat
espolla,17064,170643,Espolla,Alt Empordà
esponella,17065,170656,Esponellà,Pla de l'Estany
espot,25082,250827,Espot,Pallars Sobirà
estamariu,25088,250886,Estamariu,Alt Urgell
estaras,25085,250851,Estaràs,Segarra
esterri-aneu,25086,250864,Esterri d'Àneu,Pallars Sobirà
esterri-cardos,25087,250870,Esterri de Cardós,Pallars Sobirà
falset,43055,430555,Falset,Priorat
far-emporda,17005,170059,"Far d'Empordà, el",Alt Empordà
farrera,25089,250899,Farrera,Pallars Sobirà
fatarella,43056,430568,"Fatarella, la",Terra Alta
febro,43057,430574,"Febró, la",Baix Camp
figols-i-alinya,25908,259084,Fígols i Alinyà,Alt Urgell
figuera,43058,430580,"Figuera, la",Priorat
figuerola-camp,43059,430593,Figuerola del Camp,Alt Camp
flaca,17067,170675,Flaçà,Gironès
flix,43060,430607,Flix,Ribera d'Ebre
floresta,25092,250925,"Floresta, la",Garrigues
foixa,17068,170681,Foixà,Baix Empordà
fondarella,25093,250931,Fondarella,Pla d'Urgell
fontanals-cerdanya,17069,170694,Fontanals de Cerdanya,Cerdanya
fontanilles,17070,170708,Fontanilles,Baix Empordà
fontcoberta,17071,170715,Fontcoberta,Pla de l'Estany
foradada,25094,250946,Foradada,Noguera
forallac,17902,179026,Forallac,Baix Empordà
fores,43061,430614,Forès,Conca de Barberà
fornells-selva,17073,170736,Fornells de la Selva,Gironès
fortia,17074,170741,Fortià,Alt Empordà
freginals,43062,430629,Freginals,Montsià
fuliola,25096,250962,"Fuliola, la",Urgell
fulleda,25097,250978,Fulleda,Garrigues
galera,43063,430635,"Galera, la",Montsià
gandesa,43064,430640,Gandesa,Terra Alta
garcia,43065,430653,Garcia,Ribera d'Ebre
garidells,43066,430666,"Garidells, els",Alt Camp
garrigas,17075,170754,Garrigàs,Alt Empordà
garrigoles,17076,170767,Garrigoles,Baix Empordà
garriguella,17077,170773,Garriguella,Alt Empordà
gava,08089,080898,Gavà,Baix Llobregat
gavet-conca,25098,250984,Gavet de la Conca,Pallars Jussà
ger,17078,170789,Ger,Cerdanya
gimenells-i-pla-font,25912,259123,Gimenells i el Pla de la Font,Segrià
ginestar,43067,430672,Ginestar,Ribera d'Ebre
godall,43068,430688,Godall,Montsià
golmes,25099,250997,Golmés,Pla d'Urgell
gombren,17080,170806,Gombrèn,Ripollès
gosol,25100,251001,Gósol,Berguedà
granadella,25101,251018,"Granadella, la",Garrigues
granja-escarp,25102,251023,"Granja d'Escarp, la",Segrià
granyanella,25103,251039,Granyanella,Segarra
granyena-garrigues,25105,251057,Granyena de les Garrigues,Garrigues
granyena-segarra,25104,251044,Granyena de Segarra,Segarra
gratallops,43069,430691,Gratallops,Priorat
gualta,17081,170813,Gualta,Baix Empordà
guiamets,43070,430705,"Guiamets, els",Priorat
guils-cerdanya,17082,170828,Guils de Cerdanya,Cerdanya
guimera,25109,251095,Guimerà,Urgell
guingueta-aneu,25903,259031,"Guingueta d'Àneu, la",Pallars Sobirà
guissona,25110,251109,Guissona,Segarra
guixers,25111,251116,Guixers,Solsonès
horta-sant-joan,43071,430712,Horta de Sant Joan,Terra Alta
hospitalet-llobregat,08101,081017,"Hospitalet de Llobregat, l'",Barcelonès
hostalric,17083,170834,Hostalric,Selva
isona-i-conca-della,25115,251155,Isona i Conca Dellà,Pallars Jussà
isovol,17084,170849,Isòvol,Cerdanya
ivars-noguera,25112,251121,Ivars de Noguera,Noguera
ivars-urgell,25113,251137,Ivars d'Urgell,Pla d'Urgell
ivorra,25114,251142,Ivorra,Segarra
jafre,17085,170852,Jafre,Baix Empordà
jonquera,17086,170865,"Jonquera, la",Alt Empordà
josa-i-tuixen,25910,259101,Josa i Tuixén,Alt Urgell
juia,17087,170871,Juià,Gironès
juncosa,25118,251180,Juncosa,Garrigues
juneda,25119,251193,Juneda,Garrigues
les,25121,251214,Les,Aran
linyola,25122,251229,Linyola,Pla d'Urgell
llado,17088,170887,Lladó,Alt Empordà
lladorre,25123,251235,Lladorre,Pallars Sobirà
lladurs,25124,251240,Lladurs,Solsonès
llagostera,17089,170890,Llagostera,Gironès
llambilles,17090,170904,Llambilles,Gironès
llanars,17091,170911,Llanars,Ripollès
llanca,17092,170926,Llançà,Alt Empordà
llardecans,25125,251253,Llardecans,Segrià
llavorsi,25126,251266,Llavorsí,Pallars Sobirà
lleida,25120,251207,Lleida,Segrià
llers,17093,170932,Llers,Alt Empordà
lles-cerdanya,25127,251272,Lles de Cerdanya,Cerdanya
llimiana,25128,251288,Llimiana,Pallars Jussà
llinars-valles,08106,081069,Llinars del Vallès,Vallès Oriental
llivia,17094,170947,Llívia,Cerdanya
lloar,43072,430727,"Lloar, el",Priorat
llobera,25129,251291,Llobera,Solsonès
llorac,43073,430733,Llorac,Conca de Barberà
llorenc-penedes,43074,430748,Llorenç del Penedès,Baix Penedès
lloret-mar,17095,170950,Lloret de Mar,Selva
llosses,17096,170963,"Llosses, les",Ripollès
macanet-cabrenys,17102,171024,Maçanet de Cabrenys,Alt Empordà
macanet-selva,17103,171030,Maçanet de la Selva,Selva
madremanya,17097,170979,Madremanya,Gironès
maia-montcal,17098,170985,Maià de Montcal,Garrotxa
maials,25133,251333,Maials,Segrià
malda,25130,251305,Maldà,Urgell
malla,08111,081115,Malla,Osona
marca,43076,430764,Marçà,Priorat
margalef,43075,430751,Margalef,Priorat
martorell,08114,081141,Martorell,Baix Llobregat
mas-barberans,43077,430770,Mas de Barberans,Montsià
masarac,17100,171002,Masarac i Vilarnadal,Alt Empordà
masdenverge,43078,430786,Masdenverge,Montsià
masllorenc,43079,430799,Masllorenç,Baix Penedès
masnou,08118,081189,"Masnou, el",Maresme
maso,43080,430803,"Masó, la",Alt Camp
maspujols,43081,430810,Maspujols,Baix Camp
masroig,43082,430825,"Masroig, el",Priorat
massalcoreig,25131,251312,Massalcoreig,Segrià
massanes,17101,171019,Massanes,Selva
massoteres,25132,251327,Massoteres,Segarra
mediona,08122,081228,Mediona,Alt Penedès
menarguens,25134,251348,Menàrguens,Noguera
meranges,17099,170998,Meranges,Cerdanya
mieres,17105,171058,Mieres,Garrotxa
mila,43083,430831,"Milà, el",Alt Camp
miralcamp,25135,251351,Miralcamp,Pla d'Urgell
miravet,43084,430846,Miravet,Ribera d'Ebre
molar,43085,430859,"Molar, el",Priorat
molins-rei,08123,081234,Molins de Rei,Baix Llobregat
mollerussa,25137,251370,Mollerussa,Pla d'Urgell
mollet-peralada,17106,171061,Mollet de Peralada,Alt Empordà
mollo,17107,171077,Molló,Ripollès
molsosa,25136,251364,"Molsosa, la",Solsonès
mont-ral,43091,430918,Mont-ral,Alt Camp
mont-ras,17110,171100,Mont-ras,Baix Empordà
mont-roig-camp,43092,430923,Mont-roig del Camp,Baix Camp
montagut-i-oix,17109,171096,Montagut i Oix,Garrotxa
montblanc,43086,430862,Montblanc,Conca de Barberà
montbrio-camp,43088,430884,Montbrió del Camp,Baix Camp
montcada-i-reixac,08125,081252,Montcada i Reixac,Vallès Occidental
montella-i-martinet,25139,251399,Montellà i Martinet,Cerdanya
montferrer-i-castellbo,25140,251403,Montferrer i Castellbò,Alt Urgell
montferri,43089,430897,Montferri,Alt Camp
montgai,25138,251386,Montgai,Noguera
montmell,43090,430901,"Montmell, el",Baix Penedès
montoliu-lleida,25142,251425,Montoliu de Lleida,Segrià
montoliu-segarra,25141,251410,Montoliu de Segarra,Segarra
montornes-segarra,25143,251431,Montornès de Segarra,Segarra
montornes-valles,08136,081363,Montornès del Vallès,Vallès Oriental
mora-ebre,43093,430939,Móra d'Ebre,Ribera d'Ebre
mora-nova,43094,430944,Móra la Nova,Ribera d'Ebre
morell,43095,430957,"Morell, el",Tarragonès
morera-montsant,43096,430960,"Morera de Montsant, la",Priorat
nalec,25145,251459,Nalec,Urgell
naut-aran,25025,250254,Naut Aran,Aran
navata,17111,171117,Navata,Alt Empordà
naves,25146,251462,Navès,Solsonès
nou-gaia,43097,430976,"Nou de Gaià, la",Tarragonès
nulles,43098,430982,Nulles,Alt Camp
oden,25148,251484,Odèn,Solsonès
ogassa,17112,171122,Ogassa,Ripollès
olesa-montserrat,08147,081477,Olesa de Montserrat,Baix Llobregat
oliana,25149,251497,Oliana,Alt Urgell
oliola,25150,251500,Oliola,Noguera
olius,25151,251517,Olius,Solsonès
olot,17114,171143,Olot,Garrotxa
oluges,25152,251522,"Oluges, les",Segarra
omellons,25153,251538,"Omellons, els",Garrigues
omells-na-gaia,25154,251543,"Omells de na Gaia, els",Urgell
ordis,17115,171156,Ordis,Alt Empordà
organya,25155,251556,Organyà,Alt Urgell
os-balaguer,25156,251569,Os de Balaguer,Noguera
osor,17116,171169,Osor,Selva
osso-sio,25157,251575,Ossó de Sió,Urgell
palafrugell,17117,171175,Palafrugell,Baix Empordà
palamos,17118,171181,Palamós,Baix Empordà
palau-anglesola,25158,251581,"Palau d'Anglesola, el",Pla d'Urgell
palau-santa-eulalia,17119,171194,Palau de Santa Eulàlia,Alt Empordà
palau-sator,17121,171215,Palau-sator,Baix Empordà
palau-saverdera,17120,171208,Palau-saverdera,Alt Empordà
pallaresos,43100,431009,"Pallaresos, els",Tarragonès
palleja,08157,081574,Pallejà,Baix Llobregat
palma-ebre,43099,430995,"Palma d'Ebre, la",Ribera d'Ebre
palol-revardit,17123,171236,Palol de Revardit,Pla de l'Estany
pals,17124,171241,Pals,Baix Empordà
pardines,17125,171254,Pardines,Ripollès
parlava,17126,171267,Parlavà,Baix Empordà
passanant-i-belltall,43101,431016,Passanant i Belltall,Conca de Barberà
pau,17128,171289,Pau,Alt Empordà
pauls,43102,431021,Paüls,Baix Ebre
pedret-i-marza,17129,171292,Pedret i Marzà,Alt Empordà
penelles,25164,251641,Penelles,Noguera
pera,17130,171306,"Pera, la",Baix Empordà
perafort,43103,431037,Perafort,Tarragonès
peralada,17132,171328,Peralada,Alt Empordà
peramola,25165,251654,Peramola,Alt Urgell
perello,43104,431042,"Perelló, el",Baix Ebre
piles,43105,431055,"Piles, les",Conca de Barberà
pineda-mar,08163,081635,Pineda de Mar,Maresme
pinell-brai,43106,431068,"Pinell de Brai, el",Terra Alta
pinell-solsones,25166,251667,Pinell de Solsonès,Solsonès
pinos,25167,251673,Pinós,Solsonès
pira,43107,431074,Pira,Conca de Barberà
pla-santa-maria,43108,431080,"Pla de Santa Maria, el",Alt Camp
planes-hostoles,17133,171334,"Planes d'Hostoles, les",Garrotxa
planoles,17134,171349,Planoles,Ripollès
plans-sio,25911,259118,"Plans de Sió, els",Segarra
poal,25168,251689,"Poal, el",Pla d'Urgell
pobla-cervoles,25169,251692,"Pobla de Cérvoles, la",Garrigues
pobla-mafumet,43109,431093,"Pobla de Mafumet, la",Tarragonès
pobla-massaluca,43110,431107,"Pobla de Massaluca, la",Terra Alta
pobla-montornes,43111,431114,"Pobla de Montornès, la",Tarragonès
pobla-segur,25171,251713,"Pobla de Segur, la",Pallars Jussà
poboleda,43112,431129,Poboleda,Priorat
pont-armentera,43113,431135,"Pont d'Armentera, el",Alt Camp
pont-bar,25030,250306,"Pont de Bar, el",Alt Urgell
pont-molins,17135,171352,Pont de Molins,Alt Empordà
pont-suert,25173,251734,"Pont de Suert, el",Alta Ribagorça
pontils,43141,431418,Pontils,Conca de Barberà
pontos,17136,171365,Pontós,Alt Empordà
ponts,25172,251728,Ponts,Noguera
porqueres,17137,171371,Porqueres,Pla de l'Estany
porrera,43114,431140,Porrera,Priorat
port-selva,17140,171404,"Port de la Selva, el",Alt Empordà
portbou,17138,171387,Portbou,Alt Empordà
portella,25174,251749,"Portella, la",Segrià
pradell-teixeta,43115,431153,Pradell de la Teixeta,Priorat
prades,43116,431166,Prades,Baix Camp
prat-comte,43117,431172,Prat de Comte,Terra Alta
prat-llobregat,08169,081691,"Prat de Llobregat, el",Baix Llobregat
pratdip,43118,431188,Pratdip,Baix Camp
prats-i-sansor,25175,251752,Prats i Sansor,Cerdanya
preixana,25176,251765,Preixana,Urgell
preixens,25177,251771,Preixens,Noguera
premia-mar,08172,081727,Premià de Mar,Maresme
preses,17139,171390,"Preses, les",Garrotxa
prullans,25179,251790,Prullans,Cerdanya
puigcerda,17141,171411,Puigcerdà,Cerdanya
puiggros,25180,251804,Puiggròs,Garrigues
puigpelat,43119,431191,Puigpelat,Alt Camp
puigverd-agramunt,25181,251811,Puigverd d'Agramunt,Urgell
puigverd-lleida,25182,251826,Puigverd de Lleida,Segrià
quart,17142,171426,Quart,Gironès
queralbs,17043,170433,Queralbs,Ripollès
querol,43120,431205,Querol,Alt Camp
rabos,17143,171432,Rabós,Alt Empordà
rasquera,43121,431212,Rasquera,Ribera d'Ebre
regencos,17144,171447,Regencós,Baix Empordà
renau,43122,431227,Renau,Tarragonès
rialp,25183,251832,Rialp,Pallars Sobirà
riba,43124,431248,"Riba, la",Alt Camp
riba-roja-ebre,43125,431251,Riba-roja d'Ebre,Ribera d'Ebre
ribera-ondara,25905,259059,Ribera d'Ondara,Segarra
ribera-urgellet,25185,251850,Ribera d'Urgellet,Alt Urgell
ribes-freser,17145,171450,Ribes de Freser,Ripollès
riells-i-viabrea,17146,171463,Riells i Viabrea,Selva
riera-gaia,43126,431264,"Riera de Gaià, la",Tarragonès
riner,25186,251863,Riner,Solsonès
ripoll,17147,171479,Ripoll,Ripollès
ripollet,08180,081803,Ripollet,Vallès Occidental
riu-cerdanya,25913,259139,Riu de Cerdanya,Cerdanya
riudarenes,17148,171485,Riudarenes,Selva
riudaura,17149,171498,Riudaura,Garrotxa
riudecanyes,43127,431270,Riudecanyes,Baix Camp
riudecols,43128,431286,Riudecols,Baix Camp
riudellots-selva,17150,171501,Riudellots de la Selva,Selva
riudoms,43129,431299,Riudoms,Baix Camp
riumors,17151,171518,Riumors,Alt Empordà
roca-valles,08181,081810,"Roca del Vallès, la",Vallès Oriental
rocafort-queralt,43130,431303,Rocafort de Queralt,Conca de Barberà
roda-bera,43131,431310,Roda de Berà,Tarragonès
rodonya,43132,431325,Rodonyà,Alt Camp
roquetes,43133,431331,Roquetes,Baix Ebre
roses,17152,171523,Roses,Alt Empordà
rossello,25189,251898,Rosselló,Segrià
rourell,43134,431346,"Rourell, el",Alt Camp
rubi,08184,081846,Rubí,Vallès Occidental
rupia,17153,171539,Rupià,Baix Empordà
salas-pallars,25190,251902,Salàs de Pallars,Pallars Jussà
sales-llierca,17154,171544,Sales de Llierca,Garrotxa
salomo,43135,431359,Salomó,Tarragonès
salou,43905,439057,Salou,Tarragonès
salt,17155,171557,Salt,Gironès
sanauja,25191,251919,Sanaüja,Segarra
sant-adria-besos,08194,081944,Sant Adrià de Besòs,Barcelonès
sant-andreu-barca,08196,081960,Sant Andreu de la Barca,Baix Llobregat
sant-andreu-salou,17157,171576,Sant Andreu Salou,Gironès
sant-aniol-finestres,17183,171833,Sant Aniol de Finestres,Garrotxa
sant-boi-llobregat,08200,082009,Sant Boi de Llobregat,Baix Llobregat
sant-carles-rapita,43136,431362,"Ràpita, la",Montsià
sant-climent-sescebes,17158,171582,Sant Climent Sescebes,Alt Empordà
sant-esteve-sarga,25196,251961,Sant Esteve de la Sarga,Pallars Jussà
sant-feliu-buixalleu,17159,171595,Sant Feliu de Buixalleu,Selva
sant-feliu-guixols,17160,171609,Sant Feliu de Guíxols,Baix Empordà
sant-feliu-llobregat,08211,082114,Sant Feliu de Llobregat,Baix Llobregat
sant-feliu-pallerols,17161,171616,Sant Feliu de Pallerols,Garrotxa
sant-ferriol,17162,171621,Sant Ferriol,Garrotxa
sant-gregori,17163,171637,Sant Gregori,Gironès
sant-guim-freixenet,25192,251924,Sant Guim de Freixenet,Segarra
sant-guim-plana,25197,251977,Sant Guim de la Plana,Segarra
sant-hilari-sacalm,17164,171642,Sant Hilari Sacalm,Selva
sant-jaume-domenys,43137,431378,Sant Jaume dels Domenys,Baix Penedès
sant-jaume-enveja,43902,439023,Sant Jaume d'Enveja,Montsià
sant-jaume-llierca,17165,171655,Sant Jaume de Llierca,Garrotxa
sant-joan-abadesses,17167,171674,Sant Joan de les Abadesses,Ripollès
sant-joan-despi,08217,082172,Sant Joan Despí,Baix Llobregat
sant-joan-fonts,17185,171851,Sant Joan les Fonts,Garrotxa
sant-joan-mollet,17168,171680,Sant Joan de Mollet,Gironès
sant-jordi-desvalls,17166,171668,Sant Jordi Desvalls,Gironès
sant-julia-llor-i-bonmati,17903,179032,Sant Julià del Llor i Bonmatí,Selva
sant-julia-ramis,17169,171693,Sant Julià de Ramis,Gironès
sant-just-desvern,08221,082212,Sant Just Desvern,Baix Llobregat
sant-llorenc-morunys,25193,251930,Sant Llorenç de Morunys,Solsonès
sant-llorenc-muga,17171,171714,Sant Llorenç de la Muga,Alt Empordà
sant-marti-llemena,17172,171729,Sant Martí de Llémena,Gironès
sant-marti-riucorb,25902,259025,Sant Martí de Riucorb,Urgell
sant-marti-vell,17173,171735,Sant Martí Vell,Gironès
sant-miquel-campmajor,17174,171740,Sant Miquel de Campmajor,Pla de l'Estany
sant-miquel-fluvia,17175,171753,Sant Miquel de Fluvià,Alt Empordà
sant-mori,17176,171766,Sant Mori,Alt Empordà
sant-pau-seguries,17177,171772,Sant Pau de Segúries,Ripollès
sant-pere-pescador,17178,171788,Sant Pere Pescador,Alt Empordà
sant-pere-ribes,08231,082310,Sant Pere de Ribes,Garraf
sant-ramon,25194,251945,Sant Ramon,Segarra
sant-vicenc-horts,08263,082634,Sant Vicenç dels Horts,Baix Llobregat
santa-barbara,43138,431384,Santa Bàrbara,Montsià
santa-coloma-farners,17180,171805,Santa Coloma de Farners,Selva
santa-coloma-queralt,43139,431397,Santa Coloma de Queralt,Conca de Barberà
santa-cristina-aro,17181,171812,Santa Cristina d'Aro,Baix Empordà
santa-llogaia-alguema,17182,171827,Santa Llogaia d'Àlguema,Alt Empordà
santa-margarida-i-monjos,08251,082515,Santa Margarida i els Monjos,Alt Penedès
santa-maria-merles,08255,082554,Santa Maria de Merlès,Berguedà
santa-oliva,43140,431401,Santa Oliva,Baix Penedès
santa-pau,17184,171848,Santa Pau,Garrotxa
santa-perpetua-mogoda,08260,082606,Santa Perpètua de Mogoda,Vallès Occidental
sarral,43142,431423,Sarral,Conca de Barberà
sarria-ter,17186,171864,Sarrià de Ter,Gironès
sarroca-bellera,25201,252017,Sarroca de Bellera,Pallars Jussà
sarroca-lleida,25200,252000,Sarroca de Lleida,Segrià
saus-camallera-i-llampaies,17187,171870,"Saus, Camallera i Llampaies",Alt Empordà
savalla-comtat,43143,431439,Savallà del Comtat,Conca de Barberà
secuita,43144,431444,"Secuita, la",Tarragonès
selva-camp,43145,431457,"Selva del Camp, la",Baix Camp
selva-mar,17188,171886,"Selva de Mar, la",Alt Empordà
senan,43146,431460,Senan,Conca de Barberà
senia,43044,430445,"Sénia, la",Montsià
senterada,25202,252022,Senterada,Pallars Jussà
sentiu-sio,25035,250352,"Sentiu de Sió, la",Noguera
serinya,17190,171903,Serinyà,Pla de l'Estany
seros,25204,252043,Seròs,Segrià
serra-daro,17191,171910,Serra de Daró,Baix Empordà
setcases,17192,171925,Setcases,Ripollès
seu-urgell,25203,252038,"Seu d'Urgell, la",Alt Urgell
sidamon,25205,252056,Sidamon,Pla d'Urgell
sils,17193,171931,Sils,Selva
siurana,17052,170524,Siurana,Alt Empordà
soleras,25206,252069,"Soleràs, el",Garrigues
solivella,43147,431476,Solivella,Conca de Barberà
solsona,25207,252075,Solsona,Solsonès
soriguera,25208,252081,Soriguera,Pallars Sobirà
sort,25209,252094,Sort,Pallars Sobirà
soses,25210,252108,Soses,Segrià
sudanell,25211,252115,Sudanell,Segrià
sunyer,25212,252120,Sunyer,Segrià
susqueda,17194,171946,Susqueda,Selva
talarn,25215,252154,Talarn,Pallars Jussà
talavera,25216,252167,Talavera,Segarra
tallada-emporda,17195,171959,"Tallada d'Empordà, la",Baix Empordà
tarragona,43148,431482,Tarragona,Tarragonès
tarrega,25217,252173,Tàrrega,Urgell
tarres,25218,252189,Tarrés,Garrigues
tarroja-segarra,25219,252192,Tarroja de Segarra,Segarra
termens,25220,252206,Térmens,Noguera
terrades,17196,171962,Terrades,Alt Empordà
tiana,08282,082824,Tiana,Maresme
tirvia,25221,252213,Tírvia,Pallars Sobirà
tiurana,25222,252228,Tiurana,Noguera
tivenys,43149,431495,Tivenys,Baix Ebre
tivissa,43150,431508,Tivissa,Ribera d'Ebre
tora,25223,252234,Torà,Solsonès
torms,25224,252249,"Torms, els",Garrigues
tornabous,25225,252252,Tornabous,Urgell
torre-cabdella,25227,252271,"Torre de Cabdella, la",Pallars Jussà
torre-espanyol,43152,431520,"Torre de l'Espanyol, la",Ribera d'Ebre
torre-fontaubella,43151,431515,"Torre de Fontaubella, la",Priorat
torre-serona,25233,252332,Torre-serona,Segrià
torrebesses,25226,252265,Torrebesses,Segrià
torredembarra,43153,431536,Torredembarra,Tarragonès
torrefarrera,25228,252287,Torrefarrera,Segrià
torrefeta-i-florejacs,25907,259078,Torrefeta i Florejacs,Segarra
torregrossa,25230,252304,Torregrossa,Pla d'Urgell
torrelameu,25231,252311,Torrelameu,Noguera
torrent,17197,171978,Torrent,Baix Empordà
torres-segre,25232,252326,Torres de Segre,Segrià
torroella-fluvia,17198,171984,Torroella de Fluvià,Alt Empordà
torroella-montgri,17199,171997,Torroella de Montgrí,Baix Empordà
torroja-priorat,43154,431541,Torroja del Priorat,Priorat
tortella,17200,172001,Tortellà,Garrotxa
tortosa,43155,431554,Tortosa,Baix Ebre
toses,17201,172018,Toses,Ripollès
tossa-mar,17202,172023,Tossa de Mar,Selva
tremp,25234,252347,Tremp,Pallars Jussà
ulla,17204,172044,Ullà,Baix Empordà
ullastret,17205,172057,Ullastret,Baix Empordà
ulldecona,43156,431567,Ulldecona,Montsià
ulldemolins,43157,431573,Ulldemolins,Priorat
ultramort,17203,172039,Ultramort,Baix Empordà
urus,17206,172060,Urús,Cerdanya
vajol,17014,170144,"Vajol, la",Alt Empordà
vall-bianya,17208,172082,"Vall de Bianya, la",Garrotxa
vall-boi,25043,250432,"Vall de Boí, la",Alta Ribagorça
vall-cardos,25901,259010,Vall de Cardós,Pallars Sobirà
vall-en-bas,17207,172076,"Vall d'en Bas, la",Garrotxa
vall-llobrega,17209,172095,Vall-llobrega,Baix Empordà
vallbona-monges,25238,252385,Vallbona de les Monges,Urgell
vallclara,43158,431589,Vallclara,Conca de Barberà
vallfogona-balaguer,25240,252402,Vallfogona de Balaguer,Noguera
vallfogona-ripolles,17170,171707,Vallfogona de Ripollès,Ripollès
vallfogona-riucorb,43159,431592,Vallfogona de Riucorb,Conca de Barberà
vallmoll,43160,431606,Vallmoll,Alt Camp
valls,43161,431613,Valls,Alt Camp
valls-aguilar,25906,259062,"Valls d'Aguilar, les",Alt Urgell
valls-valira,25239,252398,"Valls de Valira, les",Alt Urgell
vandellos-i-hospitalet-infant,43162,431628,Vandellòs i l'Hospitalet de l'Infant,Baix Camp
vansa-i-fornols,25909,259097,"Vansa i Fórnols, la",Alt Urgell
vendrell,43163,431634,"Vendrell, el",Baix Penedès
ventallo,17210,172109,Ventalló,Alt Empordà
verdu,25242,252424,Verdú,Urgell
verges,17211,172116,Verges,Baix Empordà
vespella-gaia,43164,431649,Vespella de Gaià,Tarragonès
vic,08298,082981,Vic,Osona
vidra,17212,172121,Vidrà,Osona
vidreres,17213,172137,Vidreres,Selva
vielha-e-mijaran,25243,252430,Vielha e Mijaran,Aran
vila-rodona,43170,431704,Vila-rodona,Alt Camp
vila-sacra,17230,172305,Vila-sacra,Alt Empordà
vila-sana,25252,252521,Vila-sana,Pla d'Urgell
vila-seca,43171,431711,Vila-seca,Tarragonès
vilabella,43165,431652,Vilabella,Alt Camp
vilabertran,17214,172142,Vilabertran,Alt Empordà
vilablareix,17215,172155,Vilablareix,Gironès
viladamat,17217,172174,Viladamat,Alt Empordà
viladasens,17216,172168,Viladasens,Gironès
viladecans,08301,083015,Viladecans,Baix Llobregat
vilademuls,17218,172180,Vilademuls,Pla de l'Estany
viladrau,17220,172207,Viladrau,Osona
vilafant,17221,172214,Vilafant,Alt Empordà
vilafranca-penedes,08305,083054,Vilafranca del Penedès,Alt Penedès
vilagrassa,25244,252445,Vilagrassa,Urgell
vilajuiga,17223,172235,Vilajuïga,Alt Empordà
vilalba-arcs,43175,431750,Vilalba dels Arcs,Terra Alta
vilaller,25245,252458,Vilaller,Alta Ribagorça
vilallonga-camp,43166,431665,Vilallonga del Camp,Tarragonès
vilallonga-ter,17224,172240,Vilallonga de Ter,Ripollès
vilamacolum,17225,172253,Vilamacolum,Alt Empordà
vilamalla,17226,172266,Vilamalla,Alt Empordà
vilamaniscle,17227,172272,Vilamaniscle,Alt Empordà
vilamos,25247,252477,Vilamòs,Aran
vilanant,17228,172288,Vilanant,Alt Empordà
vilanova-aguda,25249,252496,Vilanova de l'Aguda,Noguera
vilanova-barca,25254,252542,Vilanova de la Barca,Segrià
vilanova-bellpuig,25248,252483,Vilanova de Bellpuig,Pla d'Urgell
vilanova-escornalbou,43167,431671,Vilanova d'Escornalbou,Baix Camp
vilanova-i-geltru,08307,083073,Vilanova i la Geltrú,Garraf
vilanova-meia,25250,252509,Vilanova de Meià,Noguera
vilanova-prades,43168,431687,Vilanova de Prades,Conca de Barberà
vilanova-segria,25251,252516,Vilanova de Segrià,Segrià
vilaplana,43169,431690,Vilaplana,Baix Camp
vilaur,17222,172229,Vilaür,Alt Empordà
vilaverd,43172,431726,Vilaverd,Conca de Barberà
vilella-alta,43173,431732,"Vilella Alta, la",Priorat
vilella-baixa,43174,431747,"Vilella Baixa, la",Priorat
vilobi-onyar,17233,172333,Vilobí d'Onyar,Selva
vilopriu,17232,172327,Vilopriu,Baix Empordà
vilosell,25253,252537,"Vilosell, el",Garrigues
vimbodi-i-poblet,43176,431763,Vimbodí i Poblet,Conca de Barberà
vinaixa,25255,252555,Vinaixa,Garrigues
vinebre,43177,431779,Vinebre,Ribera d'Ebre
vinyols-i-arcs,43178,431785,Vinyols i els Arcs,Baix Camp
viver-i-serrateix,08308,083089,Viver i Serrateix,Berguedà
xerta,43052,430521,Xerta,Baix Ebre
